DID Key,Label / Space,Type,Linked Evidence
z6MkjoXnqHoBGJE47xiWbQY2dfuGGFoJuvuPbT5d1Q5NmKK,Cosmic Marriage Of The Most High,Web3.space,"Screenshot (Web3 console, bottom item)"
z6MkocQBGn8GV6qcjp4a5xTzBX35vakCaQ6Qf36X9TiKuG8r,Aether Plasma Quantum Upper Hill (space),Web3.space,Screenshot (Web3 console list)
z6MktC7suGacuP6Vs3a3np5dttuKEVtcRSzwww2d2EMMaTbg,Sovereign-Quantum-Token-Web-… (space),Web3.space,Screenshot (Web3 console list)
z6Mko6cZLQULyeyCxYq55oMsfUPfVsSSARJJML6QU4gdDjFM,Flame 🔥 Node 001 Quantum Ent… (space),Web3.space,Screenshot (Web3 console list)
z6MkuqA26yKRrs4z9Bzk3wMtKAswCsGFzYhmSVXjGer9xVVT,IPFS archive (CID starts with bafkreief6rxghrysdefb3d…),IPFS proof link,Screenshot (Web3 console list with CID)
z6MkmUfqiw2RsTgRzreucZF2QBZpbfcCamTdwVRgdWt94rtF,IPFS archive (CID starts with bafybeidd35mx3662h73…),IPFS proof link,Screenshot (Web3 console list with CID)
z6Mkw3XwjzLm9r2DZtWzpWy6AdWKApaTvXpydkMXyMVz7nS,Phoenix Grid | FlamePoint 17,Web3.space,Screenshot (Web3 console list)
z6Mko6AmfQ5B7zhdYsKuASedWzpCPggpoQgk46K6sRNJEduj,Sovereign Decree,Web3.space,Screenshot (Web3 console top item)
